{
  "products": [
    {
      "productId": 1,
      "productName": "Chai Updated",
      "categoryId": 1,
      "unitPrice": 18,
      "unitsInStock": 39,
      "discontinued": true
    },
    {
      "productId": 2,
      "productName": "Chang",
      "categoryId": 1,
      "unitPrice": 19,
      "unitsInStock": 17,
      "discontinued": true
    },
    {
      "productId": 3,
      "productName": "Aniseed Syrup",
      "categoryId": 2,
      "unitPrice": 10,
      "unitsInStock": 13,
      "discontinued": true
    },
    {
      "productId": 4,
      "productName": "Chef Anton's Cajun Seasoning",
      "categoryId": 2,
      "unitPrice": 22,
      "unitsInStock": 53,
      "discontinued": true
    },
    {
      "productId": 5,
      "productName": "Chef Anton's Gumbo Mix",
      "categoryId": 2,
      "unitPrice": 21.35,
      "unitsInStock": 0,
      "discontinued": false
    },
    {
      "productId": 6,
      "productName": "Grandma's Boysenberry Spread",
      "categoryId": 2,
      "unitPrice": 25,
      "unitsInStock": 120,
      "discontinued": true
    },
    {
      "productId": 7,
      "productName": "Uncle Bob's Organic Dried Pears",
      "categoryId": 7,
      "unitPrice": 30,
      "unitsInStock": 15,
      "discontinued": true
    },
    {
      "productId": 8,
      "productName": "Northwoods Cranberry Sauce",
      "categoryId": 2,
      "unitPrice": 40,
      "unitsInStock": 6,
      "discontinued": true
    },
    {
      "productId": 9,
      "productName": "Mishi Kobe Niku",
      "categoryId": 6,
      "unitPrice": 97,
      "unitsInStock": 29,
      "discontinued": false
    },
    {
      "productId": 10,
      "productName": "Ikura",
      "categoryId": 8,
      "unitPrice": 31,
      "unitsInStock": 31,
      "discontinued": true
    },
    {
      "productId": 11,
      "productName": "Queso Cabrales",
      "categoryId": 4,
      "unitPrice": 21,
      "unitsInStock": 22,
      "discontinued": true
    },
    {
      "productId": 12,
      "productName": "Queso Manchego La Pastora",
      "categoryId": 4,
      "unitPrice": 38,
      "unitsInStock": 86,
      "discontinued": true
    },
    {
      "productId": 13,
      "productName": "Konbu",
      "categoryId": 8,
      "unitPrice": 6,
      "unitsInStock": 24,
      "discontinued": true
    },
    {
      "productId": 14,
      "productName": "Tofu",
      "categoryId": 7,
      "unitPrice": 23.25,
      "unitsInStock": 35,
      "discontinued": true
    },
    {
      "productId": 15,
      "productName": "Genen Shouyu",
      "categoryId": 2,
      "unitPrice": 15.5,
      "unitsInStock": 39,
      "discontinued": true
    },
    {
      "productId": 16,
      "productName": "Pavlova",
      "categoryId": 3,
      "unitPrice": 17.45,
      "unitsInStock": 29,
      "discontinued": true
    },
    {
      "productId": 17,
      "productName": "Alice Mutton",
      "categoryId": 6,
      "unitPrice": 39,
      "unitsInStock": 0,
      "discontinued": false
    },
    {
      "productId": 18,
      "productName": "Carnarvon Tigers",
      "categoryId": 8,
      "unitPrice": 62.5,
      "unitsInStock": 42,
      "discontinued": true
    },
    {
      "productId": 19,
      "productName": "Teatime Chocolate Biscuits",
      "categoryId": 3,
      "unitPrice": 9.2,
      "unitsInStock": 25,
      "discontinued": true
    },
    {
      "productId": 20,
      "productName": "Sir Rodney's Marmalade",
      "categoryId": 3,
      "unitPrice": 81,
      "unitsInStock": 40,
      "discontinued": true
    },
    {
      "productId": 21,
      "productName": "Sir Rodney's Scones",
      "categoryId": 3,
      "unitPrice": 10,
      "unitsInStock": 3,
      "discontinued": true
    },
    {
      "productId": 22,
      "productName": "Gustaf's Knäckebröd",
      "categoryId": 5,
      "unitPrice": 21,
      "unitsInStock": 104,
      "discontinued": true
    },
    {
      "productId": 23,
      "productName": "Tunnbröd",
      "categoryId": 5,
      "unitPrice": 9,
      "unitsInStock": 61,
      "discontinued": true
    },
    {
      "productId": 24,
      "productName": "Guaraná Fantástica",
      "categoryId": 1,
      "unitPrice": 4.5,
      "unitsInStock": 20,
      "discontinued": false
    },
    {
      "productId": 25,
      "productName": "NuNuCa Nuß-Nougat-Creme",
      "categoryId": 3,
      "unitPrice": 14,
      "unitsInStock": 76,
      "discontinued": true
    },
    {
      "productId": 26,
      "productName": "Gumbär Gummibärchen",
      "categoryId": 3,
      "unitPrice": 31.23,
      "unitsInStock": 15,
      "discontinued": true
    },
    {
      "productId": 27,
      "productName": "Schoggi Schokolade",
      "categoryId": 3,
      "unitPrice": 43.9,
      "unitsInStock": 49,
      "discontinued": true
    },
    {
      "productId": 28,
      "productName": "Rössle Sauerkraut",
      "categoryId": 7,
      "unitPrice": 45.6,
      "unitsInStock": 26,
      "discontinued": false
    },
    {
      "productId": 29,
      "productName": "Thüringer Rostbratwurst",
      "categoryId": 6,
      "unitPrice": 123.79,
      "unitsInStock": 0,
      "discontinued": false
    },
    {
      "productId": 30,
      "productName": "Nord-Ost Matjeshering",
      "categoryId": 8,
      "unitPrice": 25.89,
      "unitsInStock": 10,
      "discontinued": true
    },
    {
      "productId": 31,
      "productName": "Gorgonzola Telino",
      "categoryId": 4,
      "unitPrice": 12.5,
      "unitsInStock": 0,
      "discontinued": true
    },
    {
      "productId": 32,
      "productName": "Mascarpone Fabioli",
      "categoryId": 4,
      "unitPrice": 32,
      "unitsInStock": 9,
      "discontinued": true
    },
    {
      "productId": 33,
      "productName": "Geitost",
      "categoryId": 4,
      "unitPrice": 2.5,
      "unitsInStock": 112,
      "discontinued": true
    },
    {
      "productId": 34,
      "productName": "Sasquatch Ale",
      "categoryId": 1,
      "unitPrice": 14,
      "unitsInStock": 111,
      "discontinued": true
    },
    {
      "productId": 35,
      "productName": "Steeleye Stout",
      "categoryId": 1,
      "unitPrice": 18,
      "unitsInStock": 20,
      "discontinued": true
    },
    {
      "productId": 36,
      "productName": "Inlagd Sill",
      "categoryId": 8,
      "unitPrice": 19,
      "unitsInStock": 112,
      "discontinued": true
    },
    {
      "productId": 37,
      "productName": "Gravad lax",
      "categoryId": 8,
      "unitPrice": 26,
      "unitsInStock": 11,
      "discontinued": true
    },
    {
      "productId": 38,
      "productName": "Côte de Blaye",
      "categoryId": 1,
      "unitPrice": 263.5,
      "unitsInStock": 17,
      "discontinued": true
    },
    {
      "productId": 39,
      "productName": "Chartreuse verte",
      "categoryId": 1,
      "unitPrice": 18,
      "unitsInStock": 69,
      "discontinued": true
    },
    {
      "productId": 40,
      "productName": "Boston Crab Meat",
      "categoryId": 8,
      "unitPrice": 18.4,
      "unitsInStock": 123,
      "discontinued": true
    },
    {
      "productId": 41,
      "productName": "Jack's New England Clam Chowder",
      "categoryId": 8,
      "unitPrice": 9.65,
      "unitsInStock": 85,
      "discontinued": true
    },
    {
      "productId": 42,
      "productName": "Singaporean Hokkien Fried Mee",
      "categoryId": 5,
      "unitPrice": 14,
      "unitsInStock": 26,
      "discontinued": false
    },
    {
      "productId": 43,
      "productName": "Ipoh Coffee",
      "categoryId": 1,
      "unitPrice": 46,
      "unitsInStock": 17,
      "discontinued": true
    },
    {
      "productId": 44,
      "productName": "Gula Malacca",
      "categoryId": 2,
      "unitPrice": 19.45,
      "unitsInStock": 27,
      "discontinued": true
    },
    {
      "productId": 45,
      "productName": "Rogede sild",
      "categoryId": 8,
      "unitPrice": 9.5,
      "unitsInStock": 5,
      "discontinued": true
    },
    {
      "productId": 46,
      "productName": "Spegesild",
      "categoryId": 8,
      "unitPrice": 12,
      "unitsInStock": 95,
      "discontinued": true
    },
    {
      "productId": 47,
      "productName": "Zaanse koeken",
      "categoryId": 3,
      "unitPrice": 9.5,
      "unitsInStock": 36,
      "discontinued": true
    },
    {
      "productId": 48,
      "productName": "Chocolade",
      "categoryId": 3,
      "unitPrice": 12.75,
      "unitsInStock": 15,
      "discontinued": true
    },
    {
      "productId": 49,
      "productName": "Maxilaku",
      "categoryId": 3,
      "unitPrice": 20,
      "unitsInStock": 10,
      "discontinued": true
    },
    {
      "productId": 50,
      "productName": "Valkoinen suklaa",
      "categoryId": 3,
      "unitPrice": 16.25,
      "unitsInStock": 65,
      "discontinued": true
    },
    {
      "productId": 51,
      "productName": "Manjimup Dried Apples",
      "categoryId": 7,
      "unitPrice": 53,
      "unitsInStock": 20,
      "discontinued": true
    },
    {
      "productId": 52,
      "productName": "Filo Mix",
      "categoryId": 5,
      "unitPrice": 7,
      "unitsInStock": 38,
      "discontinued": true
    },
    {
      "productId": 53,
      "productName": "Perth Pasties",
      "categoryId": 6,
      "unitPrice": 32.8,
      "unitsInStock": 0,
      "discontinued": false
    },
    {
      "productId": 54,
      "productName": "Tourtière",
      "categoryId": 6,
      "unitPrice": 7.45,
      "unitsInStock": 21,
      "discontinued": true
    },
    {
      "productId": 55,
      "productName": "Pâté chinois",
      "categoryId": 6,
      "unitPrice": 24,
      "unitsInStock": 115,
      "discontinued": true
    },
    {
      "productId": 56,
      "productName": "Gnocchi di nonna Alice",
      "categoryId": 5,
      "unitPrice": 38,
      "unitsInStock": 21,
      "discontinued": true
    },
    {
      "productId": 57,
      "productName": "Ravioli Angelo",
      "categoryId": 5,
      "unitPrice": 19.5,
      "unitsInStock": 36,
      "discontinued": true
    },
    {
      "productId": 58,
      "productName": "Escargots de Bourgogne",
      "categoryId": 8,
      "unitPrice": 13.25,
      "unitsInStock": 62,
      "discontinued": true
    },
    {
      "productId": 59,
      "productName": "Raclette Courdavault",
      "categoryId": 4,
      "unitPrice": 55,
      "unitsInStock": 79,
      "discontinued": true
    },
    {
      "productId": 60,
      "productName": "Camembert Pierrot",
      "categoryId": 4,
      "unitPrice": 34,
      "unitsInStock": 19,
      "discontinued": true
    },
    {
      "productId": 61,
      "productName": "Sirop d'érable",
      "categoryId": 2,
      "unitPrice": 28.5,
      "unitsInStock": 113,
      "discontinued": true
    },
    {
      "productId": 62,
      "productName": "Tarte au sucre",
      "categoryId": 3,
      "unitPrice": 49.3,
      "unitsInStock": 17,
      "discontinued": true
    },
    {
      "productId": 63,
      "productName": "Vegie-spread",
      "categoryId": 2,
      "unitPrice": 43.9,
      "unitsInStock": 24,
      "discontinued": true
    },
    {
      "productId": 64,
      "productName": "Wimmers gute Semmelknödel",
      "categoryId": 5,
      "unitPrice": 33.25,
      "unitsInStock": 22,
      "discontinued": true
    },
    {
      "productId": 65,
      "productName": "Louisiana Fiery Hot Pepper Sauce",
      "categoryId": 2,
      "unitPrice": 21.05,
      "unitsInStock": 76,
      "discontinued": true
    },
    {
      "productId": 66,
      "productName": "Louisiana Hot Spiced Okra",
      "categoryId": 2,
      "unitPrice": 17,
      "unitsInStock": 4,
      "discontinued": true
    },
    {
      "productId": 67,
      "productName": "Laughing Lumberjack Lager",
      "categoryId": 1,
      "unitPrice": 14,
      "unitsInStock": 52,
      "discontinued": true
    },
    {
      "productId": 68,
      "productName": "Scottish Longbreads",
      "categoryId": 3,
      "unitPrice": 12.5,
      "unitsInStock": 6,
      "discontinued": true
    },
    {
      "productId": 69,
      "productName": "Gudbrandsdalsost",
      "categoryId": 4,
      "unitPrice": 36,
      "unitsInStock": 26,
      "discontinued": true
    },
    {
      "productId": 70,
      "productName": "Outback Lager",
      "categoryId": 1,
      "unitPrice": 15,
      "unitsInStock": 15,
      "discontinued": true
    },
    {
      "productId": 71,
      "productName": "Flotemysost",
      "categoryId": 4,
      "unitPrice": 21.5,
      "unitsInStock": 26,
      "discontinued": true
    },
    {
      "productId": 72,
      "productName": "Mozzarella di Giovanni",
      "categoryId": 4,
      "unitPrice": 34.8,
      "unitsInStock": 14,
      "discontinued": true
    },
    {
      "productId": 73,
      "productName": "Röd Kaviar",
      "categoryId": 8,
      "unitPrice": 15,
      "unitsInStock": 101,
      "discontinued": true
    },
    {
      "productId": 74,
      "productName": "Longlife Tofu",
      "categoryId": 7,
      "unitPrice": 10,
      "unitsInStock": 4,
      "discontinued": true
    },
    {
      "productId": 75,
      "productName": "Rhönbräu Klosterbier",
      "categoryId": 1,
      "unitPrice": 7.75,
      "unitsInStock": 125,
      "discontinued": true
    },
    {
      "productId": 76,
      "productName": "Lakkalikööri",
      "categoryId": 1,
      "unitPrice": 18,
      "unitsInStock": 57,
      "discontinued": true
    },
    {
      "productId": 77,
      "productName": "Original Frankfurter grüne Soße",
      "categoryId": 2,
      "unitPrice": 13,
      "unitsInStock": 32,
      "discontinued": true
    },
    {
      "productId": 78,
      "productName": "Sample Product",
      "unitPrice": "999",
      "unitsInStock": "99"
    },
    {
      "productId": 79,
      "productName": "Chai New",
      "categoryId": 1,
      "unitPrice": 18,
      "unitsInStock": 39,
      "discontinued": true
    },
    {
      "productId": 80,
      "productName": "New Item updated",
      "unitPrice": "999",
      "unitsInStock": "99"
    },
    {
      "productId": 81,
      "productName": "rererddddd",
      "unitPrice": "33",
      "unitsInStock": "33"
    },
    {
      "productId": 82,
      "productName": "new item ",
      "categoryId": 1,
      "unitPrice": "111",
      "unitsInStock": "11",
      "discontinued": true
    }
  ]
}